y,rf
0,0.929081085
1,0.852225248
1,0.852225248
0,0.924090189
0,0.950841874
0,0.949138215
1,0.153122037
1,0.153122037
0,0.966733618
0,0.922992213
0,0.877350748
0,0.794852797
1,0.730530363
0,0.909900177
0,0.973148816
0,0.961027407
1,0.542183816
1,0.542183816
1,0.646597511
0,0.836793024
1,0.724973325
0,0.886777056
0,0.991690821
0,0.847947618
0,0.960480182
0,0.98154036
0,0.953682054
0,0.862464049
0,0.906636904
0,0.901263701
0,0.887513872
1,0.421108314
1,0.421108314
0,0.922340328
0,0.76547868
0,0.95711025
0,0.967466061
0,0.876120315
0,0.96881383
0,0.94033638
0,0.817695943
0,0.636745872
1,0.682379727
0,0.906871232
0,0.929296193
0,0.973678778
1,0.476869203
1,0.476869203
0,0.739783333
0,0.907065746
0,0.866669955
0,0.940306968
0,0.90053353
0,0.854441582
0,0.955514094
0,0.827654101
0,0.898847708
0,0.90631796
0,0.9320337
0,0.946637519
0,0.934555082
1,0.414218184
1,0.414218184
0,0.975135717
0,0.985438867
0,0.825277735
0,0.96881828
0,0.829347096
0,0.710530979
1,0.626160694
1,0.39556499
0,0.976768535
0,0.943728341
0,0.911260728
0,0.94587248
0,0.862000733
0,0.815808305
0,0.939710447
0,0.773414285
0,0.940597262
0,0.864020883
0,0.860466312
0,0.723034606
1,0.359557794
0,0.888434931
0,0.780832546
0,0.993213222
0,0.969714154
0,0.991746244
0,0.915851551
0,0.954907772
0,0.772280076
0,0.733923834
0,0.925541035
1,0.420619858
0,0.993148484
0,0.901900304
0,0.960480135
0,0.961208424
0,0.907446491
0,0.811095316
0,0.941484747
0,0.965291465
0,0.947606768
0,0.813852796
0,0.895392504
0,0.965119035
0,0.887690165
0,0.967476772
0,0.726462598
0,0.920092765
0,0.826113386
0,0.989383908
0,0.956478381
0,0.955478381
0,0.926682313
0,0.955073978
0,0.958318325
0,0.921810557
0,0.972520229
0,0.964723677
0,0.913940979
0,0.907572515
0,0.95232305
0,0.958227686
0,0.891472083
1,0.377341147
0,0.773518524
0,0.848490175
0,0.905550667
0,0.833845668
0,0.844582399
0,0.908
0,0.837094484
0,0.867212886
0,0.92910364
0,0.852035878
0,0.923965922
1,0.518040374
0,0.991781303
0,0.851493599
0,0.95099582
0,0.88105197
0,0.96435897
0,0.942083839
0,0.913062017
0,0.927262853
0,0.946456761
0,0.954295351
0,0.800353158
0,0.951347017
0,0.692206763
0,0.953656274
1,0.891555023
0,0.937470787
0,0.876864311
0,0.88905524
0,0.914680847
0,0.97991363
0,0.742268791
0,0.984474106
0,0.945501139
0,0.925509087
0,0.879310077
0,0.88336104
0,0.904924101
0,0.886393218
0,0.412610295
0,0.986994091
0,0.785529199
0,0.976329987
0,0.67566975
0,0.794203363
0,0.928089065
0,0.980126603
0,0.951272012
0,0.681664367
0,0.96951635
0,0.91074464
0,0.788372942
0,0.8629065
1,0.464948708
1,0.464948708
0,0.923036177
0,0.816267451
0,0.966139654
0,0.84311878
0,0.905344795
0,0.947490572
0,0.933286548
1,0.491059158
1,0.327233395
0,0.939032762
1,0.30827051
1,0.30827051
0,0.940737269
0,0.925213945
0,0.993760458
0,0.963936259
1,0.41515725
1,0.41515725
0,0.908250437
0,0.838816764
0,0.873566455
0,0.9697751
0,0.92697987
0,0.922687695
0,0.890776624
0,0.912641344
0,0.93345606
0,0.860988089
0,0.972068253
0,0.690152216
0,0.974054017
0,0.803706887
0,0.933680946
0,0.907768797
1,0.258932718
1,0.258932718
1,0.909944632
1,0.468962615
1,0.468962615
0,0.879780404
1,0.572066587
1,0.572066587
1,0.369278497
0,0.909428818
0,0.98575755
0,0.816935842
0,0.975391563
0,0.977324037
0,0.8560961
1,0.75042244
0,0.94912407
1,0.499295687
0,0.91662213
1,0.215631324
1,0.670314684
0,0.915298728
1,0.325561046
1,0.325561046
0,0.869394563
0,0.88211394
0,0.960637139
0,0.907606017
0,0.755159097
0,0.844300192
0,0.97985215
0,0.885984673
0,0.898401491
0,0.907649196
1,0.789373238
1,0.789373238
0,0.834310879
0,0.876397796
0,0.800796528
0,0.873935357
0,0.900482522
0,0.975121187
0,0.858893398
0,0.951327484
0,0.943655692
0,0.923855225
0,0.935979843
1,0.324313889
0,0.929730675
0,0.900726272
1,0.404979415
1,0.404979415
1,0.79588034
1,0.79588034
0,0.95383635
0,0.92765948
0,0.910268453
0,0.854188343
0,0.870840738
0,0.893819075
1,0.721855122
1,0.721855122
0,0.910602602
0,0.876971265
0,0.976870324
0,0.96541988
0,0.964355049
0,0.900148652
0,0.91117448
0,0.787566537
1,0.333240186
1,0.333240186
0,0.95633212
1,0.50041608
1,0.50041608
0,0.983779762
0,0.691619574
0,0.937017897
0,0.878926178
0,0.850701809
0,0.924543424
1,0.239167471
1,0.239167471
0,0.896400444
0,0.939329819
0,0.937844589
0,0.812167579
0,0.931595396
0,0.975093035
1,0.657976713
1,0.657976713
0,0.980029982
0,0.954243239
0,0.943535663
0,0.556797745
0,0.908117354
0,0.943254332
0,0.895959834
0,0.902638312
0,0.849577315
0,0.995603331
1,0.291744714
1,0.291744714
0,0.894594297
0,0.928043277
0,0.969377723
0,0.996301672
0,0.37487147
0,0.830041159
0,0.964789609
0,0.930966041
0,0.87964317
0,0.964239389
0,0.75273426
1,0.697991638
0,0.871650085
0,0.909322347
0,0.909944632
0,0.969619928
1,0.614761803
1,0.614761803
0,0.991940607
0,0.918710473
0,0.948740262
0,0.808727994
0,0.956558221
0,0.940113128
0,0.973304879
0,0.9559
0,0.89807274
0,0.948313784
0,0.975056118
0,0.869230924
0,0.857475835
0,0.888656748
0,0.995312671
0,0.921849402
0,0.840514324
1,0.382837969
1,0.382837969
1,0.801924567
0,0.88307443
0,0.948999999
0,0.744107659
0,0.778523963
0,0.817711058
0,0.904242877
0,0.924750113
0,0.978119135
1,0.718298934
1,0.320642377
0,0.980305438
0,0.929812309
0,0.970358415
0,0.82370201
0,0.932545083
1,0.552790581
1,0.552790581
0,0.867345605
0,0.91831181
0,0.906887887
0,0.966201316
0,0.865871427
0,0.934790313
0,0.884602351
1,0.732275152
1,0.732275152
0,0.866985755
1,0.89218948
1,0.89218948
0,0.752738307
0,0.938720479
0,0.948193638
0,0.905522627
0,0.895818866
0,0.977443387
0,0.965258833
0,0.819546772
0,0.950017297
0,0.926850847
0,0.617267913
0,0.945800261
0,0.965261439
0,0.888883298
0,0.907150999
0,0.88247192
0,0.933581124
0,0.975550994
1,0.248431242
0,0.90707585
0,0.806528571
0,0.901730148
0,0.851850914
0,0.944697194
0,0.917970721
0,0.929168331
0,0.98940082
0,0.994523582
0,0.74838371
0,0.900577423
0,0.97017595
0,0.891422481
0,0.941277128
0,0.914252121
1,0.493561652
1,0.493561652
0,0.900916019
0,0.992951485
0,0.906887887
0,0.93572748
0,0.939991735
0,0.973286024
1,0.338768628
0,0.909690498
0,0.991525803
0,0.630403588
0,0.980799412
0,0.914362035
0,0.953122015
0,0.965616851
0,0.885818573
0,0.954666433
0,0.855429187
1,0.829322608
0,0.982852618
0,0.923814993
0,0.925356047
0,0.909724743
0,0.717040011
0,0.88136407
0,0.808437827
0,0.910376497
1,0.720002562
1,0.720002562
0,0.928427068
0,0.954249343
1,0.295052784
1,0.429541726
0,0.983341103
0,0.868923265
0,0.809122347
1,0.42480598
1,0.115772366
1,0.115772366
0,0.666755596
0,0.952772386
0,0.908596208
1,0.448482698
1,0.455829728
1,0.455829728
1,0.433825438
0,0.953340161
0,0.93377982
1,0.408396401
0,0.981546947
0,0.937481619
0,0.983584916
0,0.986132222
0,0.882704915
0,0.923170346
0,0.989290386
0,0.851026002
0,0.949756456
1,0.497573939
0,0.934843257
0,0.930576267
1,0.705509867
0,0.886994564
0,0.913558224
1,0.604867853
1,0.604867853
0,0.915486894
0,0.909000438
0,0.994161515
0,0.849741522
0,0.96504627
1,0.150296891
1,0.150296891
1,0.8824133
1,0.382721282
0,0.96597021
0,0.937599154
0,0.88789447
0,0.936905707
1,0.979041201
0,0.884226797
0,0.877810455
0,0.855230991
0,0.949370238
0,0.928817394
0,0.972700123
0,0.926771061
0,0.94755485
0,0.989467336
0,0.876494234
0,0.89916683
0,0.960398469
0,0.912969108
1,0.86294103
0,0.943362505
0,0.939681914
0,0.919585057
0,0.991335946
0,0.859386382
0,0.682569775
0,0.85698502
0,0.936647594
1,0.167314476
1,0.167314476
0,0.865607119
0,0.983736209
0,0.952873074
0,0.906661582
1,0.279153112
1,0.279153112
0,0.969339145
0,0.873396827
0,0.88870218
0,0.94220457
0,0.953181394
0,0.96096259
0,0.858017823
0,0.839191355
0,0.654591661
0,0.884382363
0,0.941371951
0,0.731296587
0,0.816231002
0,0.923507438
0,0.99257445
0,0.908151115
0,0.905916751
0,0.956085422
1,0.221230928
1,0.221230928
0,0.878963585
0,0.955804608
0,0.893581954
0,0.831499577
0,0.911079209
0,0.864106523
0,0.899737433
0,0.922977992
0,0.962007514
0,0.930574177
1,0.419852176
0,0.903769465
0,0.862522565
0,0.906292458
0,0.926493613
0,0.759568262
0,0.859897177
0,0.963254165
0,0.842499098
0,0.836554727
0,0.913825115
1,0.798656201
1,0.798656201
0,0.835031362
0,0.785018742
1,0.350742962
1,0.350742962
1,0.384698895
0,0.92684158
0,0.849010193
0,0.694785947
1,0.895061206
1,0.206357319
1,0.206357319
0,0.9847516
1,0.287083858
0,0.859190124
0,0.947358254
0,0.910296899
0,0.829868345
0,0.982102916
0,0.951693117
0,0.859418607
0,0.916460729
0,0.969098476
0,0.92341903
0,0.957167601
0,0.850818917
0,0.855367469
0,0.84109871
1,0.266998324
1,0.266998324
0,0.935807374
0,0.886042454
0,0.839238716
0,0.851323506
0,0.971866667
0,0.785352857
0,0.823212436
0,0.798939342
0,0.903954383
0,0.785670784
0,0.76311359
0,0.981578149
0,0.92890866
0,0.893859359
0,0.942768108
0,0.992316102
0,0.953819702
0,0.967538841
0,0.86154058
0,0.89380639
0,0.867002393
0,0.966093314
0,0.890776624
0,0.951205169
0,0.927047402
0,0.789820325
1,0.401900785
1,0.401900785
0,0.903676361
0,0.960854275
0,0.85559191
1,0.220668373
1,0.220668373
1,0.422674364
0,0.90909617
1,0.125173188
1,0.125173188
0,0.989929454
0,0.847403399
0,0.949834574
0,0.88259589
0,0.828711344
0,0.907930523
0,0.799989381
0,0.936457115
0,0.897318874
1,0.213737015
1,0.213737015
0,0.894947036
0,0.67139925
0,0.8491744
0,0.958001456
0,0.944871737
0,0.972281284
0,0.943708624
0,0.786170699
0,0.854606944
0,0.976434922
0,0.883041375
0,0.964159481
0,0.943209425
0,0.990523191
0,0.950149886
0,0.851707047
0,0.96828769
1,0.281027137
0,0.975463778
0,0.907568174
0,0.987070693
0,0.830742536
0,0.936846966
0,0.972245135
1,0.725635302
1,0.725635302
0,0.862837144
0,0.90987803
0,0.878035698
0,0.890307282
0,0.921945886
0,0.9668105
0,0.885295132
0,0.887339044
1,0.362925896
0,0.946794768
0,0.929527722
0,0.98075552
0,0.810859914
0,0.91322043
0,0.836200955
1,0.359928021
0,0.91831181
0,0.918775624
0,0.981490201
1,0.760321066
1,0.581819755
1,0.581819755
0,0.866079197
1,0.654975326
0,0.880436569
1,0.592286674
0,0.875608321
0,0.708192478
0,0.909734592
0,0.947265717
0,0.976068959
0,0.983413601
0,0.883933411
0,0.959231021
1,0.08602695
1,0.08602695
0,0.947921442
0,0.913585357
1,0.465027898
1,0.465027898
0,0.913892355
0,0.827795849
0,0.897568349
0,0.956447838
0,0.959761963
0,0.956711929
0,0.989946609
0,0.953585957
0,0.878867318
0,0.960034781
0,0.959551079
0,0.992983047
0,0.956595931
0,0.741871208
0,0.901699115
0,0.828615855
0,0.959480146
0,0.846367852
0,0.931369216
0,0.906272873
0,0.989798025
0,0.947741801
0,0.78005575
0,0.867949526
0,0.931908402
0,0.845462345
0,0.824289235
0,0.900803629
0,0.933025875
0,0.956063549
0,0.922045028
0,0.984910411
0,0.858101157
0,0.942587915
0,0.69483439
0,0.923910155
0,0.890130739
0,0.92123457
1,0.781838863
0,0.890776624
0,0.881592401
0,0.709684808
0,0.852334982
0,0.913053634
0,0.914665948
0,0.921542829
0,0.936561313
0,0.904765358
0,0.938166892
0,0.889034777
0,0.944845668
0,0.778414132
0,0.985684437
0,0.884136166
0,0.745060228
1,0.16118297
1,0.16118297
0,0.896992778
0,0.93945313
0,0.978466216
1,0.585618758
0,0.977097839
0,0.967108449
0,0.978036911
0,0.918546823
0,0.898917988
0,0.930035214
0,0.87160794
0,0.6983802
0,0.860073329
0,0.991806609
0,0.970043218
0,0.832085836
0,0.749973054
0,0.949641825
0,0.954671218
0,0.866005126
0,0.793853428
0,0.785670784
0,0.983308476
0,0.9108353
0,0.983343185
0,0.917400953
0,0.839750686
0,0.915557509
0,0.930226821
1,0.30246923
0,0.940548548
0,0.975242095
0,0.89284815
0,0.92453887
1,0.517230812
1,0.517230812
0,0.612828217
1,0.105
1,0.105
0,0.920851255
0,0.92380552
1,0.236129869
1,0.236129869
0,0.983545844
0,0.683307788
0,0.974817068
0,0.964263346
0,0.975752005
1,0.911099184
0,0.922322073
0,0.954726041
0,0.965172849
0,0.820775664
0,0.862697553
0,0.972129389
0,0.867897389
0,0.871832084
0,0.97566914
1,0.147616185
1,0.147616185
0,0.977992679
0,0.762545156
0,0.833479569
0,0.969627121
0,0.876348619
1,0.122699984
1,0.122699984
0,0.968602007
1,0.682019549
0,0.985286135
0,0.971521262
0,0.97296199
0,0.881545684
0,0.892972108
0,0.971017716
0,0.89079134
0,0.978298425
0,0.980657143
0,0.92265949
0,0.93830049
0,0.928161181
0,0.97819303
0,0.807134847
0,0.924945299
0,0.917289286
0,0.955267323
1,0.337634805
0,0.910232769
1,0.319915402
0,0.851542849
0,0.799454262
0,0.715371926
0,0.87989686
0,0.891605083
0,0.795395282
0,0.976569184
0,0.838427435
0,0.946725345
0,0.967026764
0,0.955925009
0,0.906640197
0,0.939417448
0,0.873527011
0,0.941866652
0,0.858598736
0,0.955289647
1,0.189674473
0,0.942495633
0,0.876854799
0,0.93713853
0,0.813279887
0,0.840383063
0,0.996913769
0,0.924866694
0,0.922876381
0,0.962392623
0,0.907768797
0,0.880468506
0,0.938536261
0,0.981137018
1,0.110879015
1,0.110879015
0,0.973130932
0,0.98452265
1,0.799623555
1,0.57369874
0,0.87847305
0,0.733699983
0,0.939517276
0,0.942454128
0,0.926515301
0,0.975533433
0,0.890895081
0,0.921733953
0,0.952713515
0,0.896240907
0,0.779945174
1,0.486153779
1,0.486153779
0,0.872618206
0,0.813240616
0,0.817648612
0,0.953057793
0,0.79612649
0,0.840867739
0,0.886459058
1,0.514822668
0,0.90655432
0,0.811028223
0,0.966822519
0,0.930299886
0,0.790418396
0,0.986736671
0,0.956968646
0,0.966923309
0,0.884068858
1,0.233892178
1,0.233892178
0,0.911379237
0,0.785096882
0,0.955314882
0,0.956814935
0,0.954479179
0,0.780900214
0,0.936706667
0,0.644887638
0,0.865049135
0,0.570219255
0,0.923282859
0,0.955408215
0,0.757616082
1,0.540092758
0,0.890076826
0,0.909673864
0,0.907983638
0,0.976664918
0,0.85354996
0,0.822398864
0,0.833434137
0,0.744502952
0,0.951107077
0,0.885620322
0,0.94294256
0,0.872168817
0,0.93406512
0,0.944820454
0,0.933691445
1,0.576513909
0,0.91510637
1,0.843272901
0,0.805490962
0,0.91289627
0,0.910075042
1,0.124982957
1,0.124982957
0,0.835731938
0,0.958424365
0,0.979872968
0,0.938626946
0,0.850630821
0,0.907
0,0.943372703
1,0.270944263
1,0.270944263
0,0.749082255
0,0.974174045
0,0.875936543
0,0.962501638
0,0.880269806
0,0.94371116
1,0.315578748
1,0.315578748
0,0.866577217
0,0.900285621
0,0.838746182
0,0.772648177
0,0.948692339
0,0.975013581
0,0.951209181
0,0.786786017
0,0.982527868
0,0.904307621
0,0.96620128
0,0.592481311
0,0.966324944
0,0.801441742
0,0.913120345
0,0.890519331
0,0.836177964
0,0.979329441
0,0.926590821
0,0.930468862
0,0.839100446
0,0.931529648
0,0.963318123
0,0.81306991
0,0.910410291
0,0.856184901
0,0.94819237
0,0.862889424
0,0.949609838
0,0.851038473
0,0.978165216
0,0.842761147
0,0.812323842
0,0.841775915
0,0.909895237
0,0.925896312
0,0.9588959
0,0.947098784
0,0.927228849
1,0.524496693
1,0.495995576
0,0.957351881
0,0.750422718
0,0.979947391
0,0.885646089
0,0.989686287
0,0.963872493
0,0.940233922
0,0.982654602
0,0.963721463
0,0.809023618
0,0.926505799
0,0.919468695
0,0.873296569
0,0.869394563
0,0.952615605
0,0.952722889
0,0.800092005
0,0.910984907
0,0.923639069
0,0.933785952
0,0.891290671
0,0.865154036
0,0.984162926
0,0.92684158
0,0.949013
0,0.922110212
0,0.914707273
0,0.909951185
0,0.886967133
1,0.666049813
1,0.666049813
0,0.832376092
0,0.971562724
0,0.986582195
0,0.894415766
0,0.978916714
0,0.884582905
0,0.980436115
0,0.97195294
0,0.875413691
0,0.989464604
0,0.878830854
0,0.935229254
0,0.976907384
0,0.855338914
0,0.96029728
0,0.959646849
0,0.927020894
0,0.951839521
0,0.779513917
0,0.942546296
0,0.942249661
1,0.187847668
1,0.187847668
0,0.906887887
0,0.942793427
0,0.912978126
1,0.176069314
1,0.176069314
0,0.916924553
0,0.821263313
0,0.786346944
0,0.913539355
0,0.955395779
0,0.991448058
0,0.930602641
0,0.879609566
0,0.844931287
0,0.87101705
0,0.972977755
0,0.843373465
0,0.922946615
0,0.881648258
0,0.904159485
1,0.738443207
1,0.738443207
1,0.212290621
1,0.212290621
0,0.894123585
0,0.909085796
0,0.91088045
0,0.905626053
0,0.842913864
0,0.85467622
0,0.976409068
0,0.858589711
0,0.843507932
0,0.661663129
0,0.917194166
0,0.805875461
1,0.350605835
1,0.350605835
0,0.814276788
0,0.994493527
0,0.951443581
0,0.953444896
0,0.916098313
0,0.952189472
0,0.865049135
0,0.912387244
0,0.839426245
0,0.811255292
0,0.974875158
0,0.893305239
0,0.878759022
0,0.879422043
0,0.980249211
0,0.540758077
0,0.866876158
0,0.950142324
0,0.974293133
0,0.937281807
1,0.289308985
1,0.289308985
0,0.830291225
0,0.890635786
0,0.860019335
0,0.996769822
0,0.954854434
0,0.7780707
0,0.930678503
0,0.991994625
0,0.831499577
0,0.873086766
0,0.981242271
0,0.763013166
0,0.943177674
1,0.485171074
1,0.485171074
0,0.96043744
0,0.494016439
0,0.951155325
0,0.912827938
0,0.910207779
0,0.945596047
0,0.881427285
0,0.958112563
0,0.880166597
0,0.875999779
0,0.923358288
0,0.985581671
0,0.93243682
0,0.825469012
0,0.962958803
0,0.922992213
1,0.469465929
0,0.875009661
0,0.965455402
0,0.851875655
0,0.918739536
0,0.905570224
0,0.932021767
0,0.896870058
0,0.937115225
0,0.905516237
0,0.855516091
0,0.935694372
0,0.89464208
0,0.895388313
0,0.935544148
0,0.907204139
0,0.967623161
0,0.794347385
0,0.821161381
0,0.9775499
0,0.983221472
1,0.616210323
0,0.939111357
0,0.916738539
0,0.881960151
0,0.84424803
0,0.743280627
0,0.762506945
0,0.947422498
0,0.962025132
0,0.911019009
0,0.751800426
0,0.961377622
0,0.962066675
1,0.577368526
1,0.577368526
1,0.478997223
1,0.478997223
0,0.95673663
0,0.961635479
0,0.808881475
0,0.956877909
0,0.948102346
0,0.912341508
0,0.942608061
0,0.880345117
0,0.922015145
0,0.768111685
1,0.488386839
0,0.925650411
0,0.926219382
0,0.887408269
0,0.951127428
1,0.166489331
1,0.166489331
0,0.911710607
0,0.99402259
0,0.857978256
0,0.962855854
0,0.89356775
0,0.865827615
0,0.620065491
0,0.880224398
0,0.943771446
0,0.962683691
1,0.109210592
1,0.109210592
0,0.96295775
0,0.930252782
0,0.762827121
0,0.931323892
0,0.910544244
0,0.998366098
0,0.902822154
0,0.838411301
0,0.940049494
0,0.967369445
0,0.882807214
0,0.905330094
0,0.909453006
0,0.980896339
0,0.939608512
0,0.928131018
0,0.854879217
0,0.928519681
0,0.921518938
0,0.841574869
1,0.153175671
1,0.153175671
0,0.839911043
1,0.738886575
1,0.738886575
0,0.993262708
0,0.971023313
0,0.876423985
0,0.870371702
0,0.887228089
1,0.522643114
1,0.522643114
0,0.914739868
0,0.94541059
0,0.905984962
0,0.927256454
1,0.247188373
0,0.968590436
0,0.981494962
1,0.811176458
0,0.940748045
0,0.920570238
0,0.959993186
0,0.845306094
0,0.993168563
0,0.904628871
0,0.918694827
0,0.95051664
0,0.986268651
0,0.913049698
0,0.9226951
1,0.532998079
1,0.532998079
0,0.887852888
1,0.937791464
1,0.652748633
0,0.988500437
1,0.599198237
0,0.975342711
0,0.949720191
1,0.382484429
1,0.382484429
0,0.934920792
0,0.987516594
0,0.94755034
0,0.953516246
0,0.831668268
0,0.556731626
0,0.779852098
0,0.963476158
0,0.890869762
0,0.888511389
0,0.902115802
0,0.965032465
0,0.963071303
0,0.968338211
0,0.961436893
0,0.923155074
0,0.992305024
0,0.946701644
0,0.899223416
0,0.86186954
0,0.806915998
0,0.655419336
0,0.928834795
0,0.872909236
0,0.943958658
0,0.918926058
0,0.94266404
0,0.981914672
0,0.869195012
0,0.886019991
0,0.911547056
0,0.836920859
1,0.233810314
1,0.233810314
0,0.973646583
0,0.809709343
0,0.936938776
0,0.691674087
0,0.97734109
0,0.808187718
1,0.403798781
0,0.977151954
0,0.91541436
0,0.939161641
0,0.978086199
0,0.625811937
0,0.71254529
0,0.955117528
0,0.925584293
0,0.97942367
0,0.917190475
0,0.912852218
1,0.53453391
1,0.855338914
0,0.82557835
0,0.910296899
0,0.910058385
0,0.942560515
0,0.925201126
0,0.960073455
0,0.787512264
0,0.878291393
0,0.856170456
1,0.911825496
1,0.911825496
0,0.861582437
0,0.960766137
0,0.955398759
0,0.955318565
0,0.78608575
0,0.918807875
0,0.869846172
0,0.984876579
0,0.852896684
0,0.951320684
0,0.951406146
0,0.816060234
0,0.932463628
0,0.961404065
0,0.987098408
1,0.586433135
1,0.586433135
0,0.971523889
0,0.865806104
1,0.824694238
1,0.473500467
1,0.473500467
0,0.870154279
0,0.921185249
0,0.873112516
0,0.93770493
0,0.982936817
0,0.857947773
0,0.876172625
0,0.939565074
0,0.933035149
0,0.908719711
0,0.968411739
0,0.833795449
0,0.902920692
0,0.974285117
0,0.94300722
0,0.917241093
0,0.948184483
0,0.783967171
0,0.991805106
0,0.902372727
0,0.947774886
0,0.922042173
1,0.13520644
1,0.13520644
0,0.903340745
0,0.820247796
0,0.952797969
0,0.964042818
1,0.151977112
1,0.151977112
1,0.582681235
1,0.582681235
0,0.874437714
0,0.906702934
0,0.655866667
1,0.867352822
1,0.078364112
1,0.078364112
0,0.930653357
0,0.880089875
0,0.923062393
0,0.89590733
1,0.562934758
1,0.562934758
0,0.977817245
0,0.702700619
0,0.905977599
0,0.938078242
1,0.699992808
1,0.090132364
1,0.090132364
1,0.246082508
0,0.82850352
1,0.080096383
1,0.080096383
0,0.96200016
0,0.708436276
1,0.658573847
0,0.971528085
0,0.794658537
0,0.833907085
0,0.929750186
1,0.514277015
1,0.514277015
0,0.914901659
0,0.818404523
0,0.920292921
1,0.065912281
0,0.904738022
0,0.964042818
0,0.75973734
0,0.878418495
1,0.347904231
1,0.843427907
0,0.964042818
0,0.769907147
0,0.974274875
0,0.974983875
0,0.854128966
0,0.902355997
0,0.80898976
0,0.918799972
0,0.745803148
0,0.925255078
0,0.753070886
0,0.974700396
1,0.279514683
1,0.279514683
0,0.938078242
0,0.904243155
0,0.973160451
1,0.753978131
0,0.789337727
0,0.955174197
0,0.925255078
0,0.961094258
0,0.970299459
0,0.939627967
0,0.84515923
0,0.904947238
0,0.95327365
0,0.904562276
0,0.878016217
0,0.923066616
0,0.894243312
0,0.892129217
0,0.623686681
0,0.863636885
0,0.890455122
0,0.888226301
0,0.808462476
0,0.923007681
0,0.731804587
1,0.487431651
1,0.487431651
0,0.741947031
0,0.904562276
0,0.918097739
0,0.97866088
0,0.913229882
0,0.82151335
0,0.464070861
0,0.923062393
0,0.64537264
1,0.378637806
1,0.378637806
0,0.813605284
0,0.908793484
0,0.814734345
0,0.993300436
1,0.207319122
0,0.8626638
0,0.97311499
0,0.85191289
0,0.788746856
0,0.910062768
0,0.909493127
0,0.69373425
1,0.482960994
0,0.924889917
1,0.619730484
0,0.973364646
0,0.85442678
0,0.79663774
1,0.189715615
1,0.189715615
0,0.827789851
1,0.081428547
1,0.081428547
1,0.224981812
0,0.904562276
0,0.925255078
0,0.844679651
0,0.920671571
0,0.808462476
1,0.154750877
1,0.154750877
0,0.996560444
1,0.126514042
0,0.968960151
0,0.876841168
0,0.973160451
0,0.925036593
0,0.99517764
0,0.941208675
0,0.799765416
0,0.881209105
1,0.507513309
0,0.906524236
0,0.700995444
1,0.18855175
1,0.18855175
0,0.908948112
1,0.794454291
0,0.909976475
0,0.97394001
0,0.922698775
1,0.526822153
0,0.925255078
1,0.340733791
1,0.340733791
0,0.997742046
1,0.207319122
0,0.968960151
0,0.934495638
0,0.936974121
0,0.811587688
0,0.954766357
0,0.771996229
0,0.813605284
0,0.959472345
1,0.035653636
1,0.035653636
0,0.928455956
0,0.878609246
0,0.94038019
0,0.710378369
0,0.971830888
0,0.940119402
0,0.789594858
1,0.558280351
1,0.558280351
0,0.997310444
0,0.95798683
0,0.938078242
1,0.984948063
0,0.76954727
0,0.969315301
0,0.888544028
1,0.279624814
0,0.909493127
1,0.721448031
1,0.721448031
0,0.918097739
1,0.901527588
0,0.795237179
0,0.967508755
0,0.974700396
1,0.17706924
0,0.629395925
0,0.793751244
0,0.920967694
0,0.743621303
0,0.903956724
0,0.245261178
0,0.9954413
0,0.800570803
0,0.927124304
0,0.991840304
0,0.947231021
1,0.29678988
1,0.29678988
0,0.838951088
0,0.958095876
0,0.827668169
0,0.755062753
0,0.920883031
0,0.906524236
0,0.926682766
0,0.76416879
0,0.845950902
0,0.962894753
0,0.888544028
0,0.996387297
0,0.953955525
1,0.361824775
0,0.90318359
0,0.977081563
0,0.851120769
0,0.906524236
0,0.933255696
0,0.830690149
1,0.808462476
0,0.827668169
0,0.805970051
0,0.976400925
1,0.152021532
1,0.152021532
0,0.952387261
0,0.843427907
0,0.834568925
0,0.936404474
0,0.931745214
0,0.921498162
0,0.901527588
0,0.944773345
0,0.877354513
1,0.019
1,0.019
0,0.828705285
0,0.883318355
1,0.376411872
1,0.376411872
1,0.752831408
1,0.289618744
1,0.289618744
0,0.955971541
0,0.969787338
0,0.941024721
1,0.807999724
0,0.938078242
0,0.852196538
0,0.840840317
0,0.904562276
0,0.642784307
0,0.957045311
1,0.001
1,0.734456436
0,0.843427907
1,0.806311127
1,0.423746942
1,0.423746942
0,0.928314794
0,0.887951774
0,0.887884211
0,0.993063248
1,0.751153765
0,0.963788986
0,0.925796232
0,0.972797094
0,0.824324251
0,0.971344656
0,0.801681635
0,0.755062753
0,0.885850043
0,0.826532347
1,0.757385791
0,0.875337185
0,0.986383987
0,0.890455122
0,0.972797094
0,0.969150859
1,0.350452026
1,0.350452026
1,0.566441444
1,0.566441444
0,0.803305951
0,0.964042818
0,0.918587696
0,0.78722555
1,0.364322414
1,0.364322414
0,0.906524236
1,0.726341209
1,0.756810075
0,0.899071457
0,0.84515923
0,0.810965666
0,0.743621303
1,0.788416876
0,0.975620741
0,0.994795147
1,0.523834876
1,0.523834876
0,0.849381908
0,0.840226815
0,0.901527588
1,0.348299756
0,0.551442995
1,0.375444301
0,0.667538074
0,0.903766284
0,0.893214907
0,0.920967694
0,0.904562276
0,0.987490625
0,0.758383185
0,0.925614615
0,0.927686248
0,0.525807772
0,0.921105309
0,0.9
0,0.977081563
0,0.943683485
0,0.965713696
0,0.976385833
0,0.838620802
1,0.758106152
1,0.758106152
0,0.85191289
0,0.950242419
0,0.685537797
1,0.359660321
1,0.359660321
0,0.836362228
0,0.753978131
1,0.895169384
0,0.810965666
1,0.885725877
0,0.960044444
0,0.828786988
0,0.720388991
1,0.440567344
1,0.206932601
1,0.206932601
0,0.914527481
0,0.952872322
0,0.904562276
0,0.553776345
0,0.926718305
0,0.828319517
1,0.649264496
1,0.649264496
0,0.780230194
0,0.996496468
1,0.334277778
1,0.334277778
0,0.947706118
0,0.930870533
0,0.718934559
0,0.809458537
0,0.911139159
1,0.841973551
0,0.892790036
0,0.818802911
1,0.097280728
1,0.097280728
0,0.599246685
1,0.368274524
1,0.368274524
0,0.926682766
0,0.803937592
0,0.90318359
0,0.9433993
0,0.825070276
0,0.799213212
0,0.726341209
0,0.906524236
0,0.967508755
1,0.743621303
1,0.743621303
0,0.971792864
0,0.973747345
0,0.98033033
0,0.865345029
0,0.731114362
0,0.926228567
1,0.147284116
1,0.147284116
0,0.976385833
0,0.897258119
0,0.898774623
0,0.907910853
0,0.828319517
0,0.785259086
0,0.969787338
0,0.719499736
0,0.942370128
0,0.914527481
0,0.991311816
0,0.925255078
0,0.880646596
0,0.359660321
0,0.91437316
0,0.789118691
0,0.961628
0,0.793266587
0,0.905767983
0,0.974990481
0,0.788752433
1,0.641352921
1,0.9254889
0,0.848482218
0,0.766935659
0,0.941208675
0,0.969787338
0,0.932728996
1,0.73761956
0,0.72802479
0,0.835570797
0,0.925255078
0,0.460338696
0,0.778804157
0,0.964042818
0,0.898864096
0,0.802097345
0,0.947037719
0,0.711592491
0,0.955362678
0,0.983207877
1,0.686487448
1,0.001
1,0.001
0,0.966259497
0,0.711916707
0,0.850443546
0,0.733635565
0,0.920691628
0,0.92750465
0,0.921728754
0,0.740809416
1,0.028
0,0.808394753
1,0.662349194
0,0.892802264
0,0.700995444
0,0.894175535
0,0.533111205
0,0.553776345
0,0.969315301
0,0.950035812
0,0.873527273
1,0.401637624
0,0.931745214
0,0.906118797
0,0.889009449
0,0.929500546
1,0.82850352
0,0.941626124
0,0.687239932
0,0.923062393
0,0.952387261
0,0.681766667
0,0.73850664
0,0.407441387
0,0.97427919
0,0.989705634
0,0.738989206
0,0.75979196
0,0.99284881
0,0.908747279
0,0.880926552
1,0.233360416
1,0.233360416
0,0.847843091
0,0.755035317
0,0.951064297
0,0.84662549
0,0.794026694
0,0.792356835
0,0.797453615
0,0.81516918
0,0.941626124
0,0.870117928
0,0.803652143
0,0.865616407
0,0.923062393
0,0.810795737
0,0.975222348
0,0.761238645
0,0.932511228
0,0.880251979
1,0.700995444
1,0.700995444
0,0.734725669
0,0.934258458
0,0.887361045
0,0.977895568
0,0.971387983
1,0.629395925
1,0.629395925
0,0.972797094
0,0.921332695
0,0.899
0,0.828647762
0,0.947774617
0,0.973364646
1,0.614883346
1,0.614883346
0,0.974700396
0,0.798913095
0,0.82005467
0,0.968398219
1,0.786893655
0,0.808462476
0,0.679479598
0,0.961472345
0,0.879998128
1,0.370747245
0,0.961964973
1,0.535693234
1,0.535693234
0,0.938078242
0,0.977221408
0,0.967293911
0,0.92750465
0,0.915593376
0,0.867352822
1,0.079319685
1,0.079319685
0,0.958363252
0,0.845752411
0,0.894650474
1,0.102285714
1,0.102285714
0,0.806605427
0,0.717998897
0,0.662349194
0,0.863750766
0,0.786893655
0,0.918221585
0,0.90664651
0,0.849381908
0,0.805970051
0,0.969787338
1,0.339549025
0,0.163519261
0,0.910016276
1,0.534927022
0,0.931669549
0,0.786893655
1,0.629650422
0,0.533782562
0,0.929320658
0,0.930452289
0,0.881209835
0,0.917830969
0,0.825070276
0,0.91683343
0,0.601178435
0,0.813746572
0,0.918097739
0,0.775834928
0,0.949833748
0,0.906524236
0,0.821548884
0,0.759514948
0,0.62351951
0,0.751153765
0,0.562934758
0,0.786680593
0,0.982795501
0,0.976611111
0,0.920107185
0,0.852303807
0,0.823242523
0,0.979890625
0,0.742351252
0,0.958363252
0,0.840878988
0,0.959472345
0,0.967920321
0,0.913933331
0,0.914488341
0,0.859672466
1,0.5786911
1,0.5786911
1,0.259052143
1,0.259052143
0,0.941626124
0,0.85191289
0,0.960662954
0,0.823691044
0,0.928935338
0,0.977081563
0,0.976385833
0,0.894650474
0,0.771996229
0,0.884936865
0,0.918097739
0,0.928455956
0,0.982795501
0,0.968398219
0,0.947933071
0,0.838137825
0,0.847696353
0,0.976400925
1,0.85191289
1,0.85191289
0,0.948978584
0,0.725857155
0,0.679479598
0,0.962614023
0,0.950035812
0,0.72040419
0,0.995258261
1,0.033692308
1,0.033692308
0,0.860333589
0,0.898864096
0,0.950589506
0,0.912635546
0,0.988599726
0,0.976400925
1,0.156606352
1,0.156606352
0,0.977817245
0,0.428100775
0,0.862610766
0,0.80657299
0,0.905767983
0,0.853500334
0,0.812875956
0,0.931146947
0,0.938078242
0,0.975222348
0,0.896066587
0,0.960695267
0,0.962614023
0,0.798482548
0,0.89553109
0,0.8480812
0,0.99334769
0,0.925972371
0,0.945648145
0,0.975549555
0,0.93332293
1,0.355288258
0,0.501442433
0,0.875174383
0,0.982795501
0,0.961984944
0,0.906524236
0,0.885850043
1,0.755062753
1,0.755062753
0,0.596438384
0,0.614883346
0,0.822015082
0,0.992695552
0,0.855153842
0,0.966316958
1,0.623686681
0,0.971830888
0,0.986672715
0,0.931791387
0,0.984948063
0,0.816089042
0,0.976806597
0,0.95449354
0,0.155471429
0,0.730247595
0,0.977081563
0,0.898864096
0,0.945795113
0,0.994405864
0,0.9685948
0,0.974700396
0,0.919485782
0,0.785399298
0,0.907047044
0,0.927208182
0,0.857363185
0,0.976806597
0,0.87437224
0,0.846117994
0,0.909149802
0,0.823563256
0,0.954341389
0,0.804910215
0,0.99517764
0,0.810795737
0,0.446472437
0,0.809059045
0,0.958363252
0,0.796970302
0,0.856458889
0,0.975222348
0,0.87255389
0,0.969787338
0,0.75979196
0,0.906524236
0,0.82850352
0,0.759869533
1,0.103866667
1,0.103866667
0,0.920180275
1,0.76115456
1,0.76115456
0,0.954361383
0,0.748275522
0,0.778100788
1,0.608145167
1,0.608145167
1,0.560221777
0,0.974700396
0,0.873852648
0,0.856371841
0,0.87487565
0,0.832009642
0,0.829577233
0,0.843014093
1,0.743621303
1,0.743621303
0,0.842567094
0,0.925614615
0,0.888226301
0,0.904738022
0,0.747659387
0,0.976806597
0,0.863258478
0,0.748428472
0,0.857363185
0,0.977081563
0,0.928935338
0,0.912491239
0,0.975975946
1,0.412514666
0,0.811587688
0,0.940651884
0,0.939510455
0,0.993787833
1,0.069880708
1,0.069880708
0,0.820625812
0,0.901527588
0,0.921472754
0,0.842067181
0,0.989218506
0,0.843427907
0,0.928699143
0,0.880646596
0,0.836362228
0,0.895385723
1,0.184999971
0,0.976385833
0,0.727446587
0,0.925147782
0,0.785259086
0,0.846024344
0,0.801275878
0,0.975990366
0,0.853534451
0,0.9685948
0,0.653670534
0,0.944761785
0,0.925255078
1,0.876703146
1,0.876703146
0,0.545583985
0,0.932653275
0,0.890455122
0,0.799765416
0,0.875333333
0,0.923062393
0,0.976806597
1,0.553776345
0,0.822284524
0,0.721448031
1,0.16937962
1,0.16937962
0,0.961645274
0,0.956795176
0,0.977655448
0,0.934309574
0,0.795676513
0,0.973160451
0,0.891348318
0,0.825070276
0,0.904562276
0,0.928455956
1,0.454302079
0,0.820110991
0,0.965144444
0,0.967508755
0,0.932511228
0,0.852190179
1,0.409250543
0,0.914593829
0,0.929248132
0,0.975144444
0,0.774890226
0,0.886053369
0,0.969315301
0,0.90593889
0,0.755144093
0,0.855677506
1,0.129534018
1,0.129534018
0,0.90326981
0,0.883318355
0,0.96053214
0,0.810944481
0,0.772072839
0,0.91876097
0,0.74561831
1,0.913933331
0,0.908948112
0,0.908677487
0,0.779830976
1,0.679479598
1,0.679479598
0,0.976385833
0,0.606182271
0,0.677748293
0,0.972797094
0,0.589121319
0,0.744897612
0,0.658158946
0,0.948171583
0,0.914561882
0,0.867352822
0,0.938078242
0,0.88450563
0,0.986383987
0,0.944773345
0,0.81516918
0,0.927449798
1,0.822015082
0,0.915078982
0,0.855091737
1,0.460696807
0,0.652780406
1,0.514205369
0,0.880646596
1,0.828319517
0,0.932981073
0,0.767511612
0,0.994405864
0,0.76384127
0,0.8434616
0,0.857508462
0,0.830031998
0,0.92204672
1,0.156417695
1,0.905767983
0,0.825796535
0,0.734231691
0,0.662610686
1,0.06055859
1,0.06055859
0,0.976400925
0,0.836362228
0,0.712108952
0,0.886871785
0,0.977817245
0,0.952387261
0,0.917830969
0,0.969315301
0,0.733851932
0,0.920107185
0,0.904562276
0,0.886833076
0,0.799213212
0,0.8434616
0,0.709612925
0,0.875041128
1,0.250801817
0,0.903720418
0,0.991579894
0,0.877483827
0,0.912270472
0,0.822015082
0,0.923062393
0,0.827014131
1,0.35256099
1,0.35256099
1,0.938078242
1,0.709612925
0,0.967869747
0,0.796309877
1,0.358777933
1,0.358777933
0,0.780230194
0,0.999530272
1,0.788746856
0,0.749299562
1,0.429436033
1,0.429436033
0,0.695722942
0,0.849505091
0,0.601978111
0,0.943678844
0,0.779082843
0,0.839891072
0,0.920967694
0,0.811719313
0,0.818250969
0,0.974700396
0,0.98901134
0,0.954361383
0,0.842663449
0,0.930735446
0,0.904005646
0,0.805200189
0,0.966251721
0,0.743621303
0,0.901527588
0,0.822015082
1,0.463089944
1,0.463089944
1,0.771996229
0,0.881619634
0,0.976806597
0,0.775552502
0,0.95032743
0,0.984645311
0,0.902626651
0,0.414439093
1,0.538272182
1,0.538272182
0,0.934021647
0,0.928462425
0,0.938078242
0,0.941626124
0,0.773253883
0,0.930277778
1,0.627781811
0,0.935173408
0,0.855352316
0,0.713344608
0,0.894650474
0,0.874437714
0,0.973855177
0,0.882630123
0,0.960313574
0,0.789897628
1,0.240262629
1,0.443731334
1,0.443731334
1,0.259052143
1,0.259052143
0,0.88639221
0,0.862525771
1,0.41311969
1,0.41311969
0,0.944146576
0,0.834445638
1,0.470440517
0,0.72040784
0,0.915593376
0,0.887917374
0,0.932149631
0,0.945029057
1,0.609886111
0,0.747806629
0,0.887783797
0,0.73850664
1,0.50771507
1,0.50771507
0,0.756442095
0,0.592267659
0,0.965062045
0,0.78190084
0,0.922867312
0,0.760896418
0,0.908793484
0,0.904562276
0,0.834445638
0,0.831677545
0,0.914527481
0,0.828319517
0,0.889997778
0,0.827014131
0,0.938078242
0,0.801912047
0,0.784120504
1,0.220138565
0,0.974683915
0,0.957258776
0,0.822588189
0,0.958243936
0,0.908793484
0,0.935074114
0,0.991311816
0,0.923062393
0,0.986672715
0,0.977302703
1,0.223257901
1,0.223257901
0,0.9954413
0,0.81761911
0,0.976806597
0,0.950440082
0,0.976572889
0,0.831258404
0,0.743621303
0,0.977817245
0,0.755062753
0,0.974683915
0,0.90843774
0,0.975313248
0,0.884098085
1,0.250869387
0,0.983098588
0,0.806311127
0,0.971554289
0,0.878418495
0,0.722950689
0,0.981102888
1,0.246238095
1,0.246238095
0,0.905767983
0,0.902116013
0,0.839218102
1,0.159012415
1,0.159012415
0,0.965557743
0,0.977817245
0,0.995323959
1,0.455150151
0,0.932511228
1,0.266477263
1,0.266477263
0,0.803171225
0,0.857234606
0,0.928314794
0,0.700995444
0,0.936901289
0,0.966558169
0,0.89138192
1,0.421006914
0,0.906524236
0,0.990194986
0,0.943678844
0,0.957284452
0,0.947037719
0,0.936901289
0,0.880646596
0,0.886077068
0,0.847659712
1,0.81761911
1,0.288662033
1,0.288662033
1,0.961728637
0,0.809059045
0,0.939627967
0,0.959402075
0,0.940569594
0,0.938078242
0,0.959166946
0,0.927802159
0,0.976572889
0,0.905767983
0,0.865070731
0,0.930911464
0,0.824484772
0,0.962892538
0,0.976385833
0,0.925972371
0,0.878418495
1,0.179416662
0,0.812756457
0,0.860333589
0,0.842944098
0,0.884396577
0,0.822015082
0,0.789961011
0,0.905767983
0,0.959402075
0,0.952713521
1,0.292049172
1,0.292049172
0,0.687493216
0,0.932728996
0,0.904562276
0,0.808946244
0,0.685287322
0,0.8626638
0,0.84515923
0,0.719499736
0,0.914597746
0,0.814472923
0,0.828771947
0,0.933046076
0,0.852629719
0,0.776300961
0,0.955134259
0,0.906535141
0,0.911704389
1,0.611440643
0,0.950440082
0,0.728723113
0,0.968447067
0,0.879971429
0,0.929645618
0,0.907670102
0,0.923224668
0,0.929500546
0,0.820625812
0,0.743251301
1,0.796560051
0,0.808571962
0,0.881459364
1,0.780230194
1,0.780230194
0,0.822015082
0,0.907022611
1,0.667538074
1,0.667538074
0,0.852212891
0,0.912635546
1,0.540081308
1,0.540081308
0,0.944836356
1,0.014
1,0.014
0,0.931669549
0,0.913933331
0,0.560221777
0,0.788416876
0,0.972533768
0,0.976806597
0,0.996387297
1,0.281832876
0,0.976572889
0,0.938078242
0,0.905767983
0,0.908793484
0,0.930957198
1,0.753978131
1,0.753978131
0,0.95327365
0,0.965062045
0,0.822545824
0,0.754847959
0,0.796107568
1,0.115713837
1,0.115713837
1,0.435642688
0,0.924162473
0,0.85147444
0,0.958363252
0,0.822015082
1,0.637715566
1,0.637715566
0,0.773253883
0,0.890455122
0,0.96280349
0,0.861740921
0,0.918919163
0,0.810965666
1,0.776300961
0,0.687493216
0,0.903846938
0,0.820625812
0,0.679479598
0,0.831948188
0,0.976572889
0,0.94287707
0,0.861330725
0,0.877493095
0,0.831261151
1,0.374128301
0,0.85837781
0,0.812513422
0,0.977005669
1,0.730568378
1,0.276990994
0,0.874744666
0,0.977817245
1,0.62042486
1,0.62042486
0,0.632372564
0,0.913634147
1,0.460338696
1,0.460338696
0,0.789936311
0,0.726341209
0,0.863294845
0,0.976106394
1,0.790833644
0,0.929660712
0,0.954777778
1,0.346593295
0,0.974968517
0,0.840684211
0,0.903720418
0,0.870667501
0,0.964042818
1,0.813605284
1,0.813605284
0,0.908677487
0,0.87828618
0,0.920671571
0,0.4949316
0,0.973160451
1,0.446472437
0,0.828319517
0,0.784362452
0,0.904313978
0,0.937180881
0,0.954770364
0,0.685244808
0,0.806605427
0,0.908873971
0,0.956921183
0,0.629395925
0,0.854956504
0,0.996905682
0,0.960662954
0,0.685757537
0,0.892421396
0,0.886206835
0,0.805396
0,0.980106716
0,0.795536445
0,0.766448707
0,0.780304109
0,0.925255078
0,0.97887698
1,0.883318355
0,0.9496359
0,0.928935338
0,0.974506126
0,0.921808966
0,0.91683343
0,0.90865115
0,0.806311127
0,0.886836399
0,0.955244728
0,0.846924464
0,0.918221585
0,0.790258578
0,0.756810075
1,0.407441387
1,0.407441387
0,0.883318355
0,0.870702011
0,0.913933331